"Taxon","Taxon02","Raw_Taxon","Annual_Perennial2","Habitat3","Subfamily","Photosynthetic_Type","Stele.Diameter","Stele.Area","No.Primary.Metaxylem.Vessels","Mean.Metaxylem.Diameter","Mean.Metaxylem.Area","Mean.Endodermal.Thickening","Mean.Endodermal.Cell.Depth","SD.Metaxylem.Diameter","SD.Metaxylem.Area","SD.Endodermal.Thickening","SD.Endodermal.Cell.Depth","COV.Metaxylem.Diameter","COV.Metaxylem.Area","COV.Endodermal.Thickening","COV.Endodermal.Cell.Depth","Total.metaxylem.area","Metaxylem.to.Stele.Ratio","MAT.degC","Mdiurnalrange.degC","Isothermality","Tseasonality","MaxTwarmweek.degC","MinTcoldweek.degC","Tannrange.degC","MtempwetQ.degC","MtempdryQ.degC","MtempwarmQ.degC","MtempcoldQ.degC","AnnP.mm","Pwetweek.mm","Pdryweek.mm","Pseasonality","PwetQ.mm","PdryQ.mm","PwarmQ.mm","PcoldQ.mm","Annmeanradiation.Wm2","Highweekrad.Wm2","Lowweekrad.Wm2","Radseasonality","RadwetQ.Wm2","RaddryQ.Wm2","RadwarmQ.Wm2","RadcoldQ.Wm2","Annmoistureindex","Hweekmoistureindex","Lowweekmoistureindex","Mindexseasonality","MmoistureindexwetQ","MmoistureindexdryQ","MmoistureindexwarmQ","MmoistureindexcoldQ","FirstPCA1to35","SecondPCA1to35","ThirdPCA1to35","FourthPCA1to35","FifthPCA1to35","Number.Endodermal.Layers"
"Diheteropogon_amplectens","Andropogon_virginicus","Andropogon tectorum","Perennial","Open","Panicoideae","C4",419.673,138328.729,11,54.42609091,2375.918909,2.541625,13.12825,8.3185481,700.984148,0.453587517,2.629727681,0.152841183,0.295037068,0.178463588,0.200310604,26135.108,0.18893478,26.06008856,11.23718796,0.697509485,0.004132147,34.70559269,18.41778476,16.28780764,25.28840166,26.09369096,27.76840553,24.56848759,1266.961534,52.84971927,1.891644182,0.710552688,583.3568998,47.79014661,233.8689594,427.7665971,151.326992,180.4121642,110.7856543,0.156013168,134.6646834,163.4264965,174.2588389,122.086278,0.759361686,1.316086527,0.178511233,0.562462852,1.224806992,0.236632917,0.49800007,1.018703764,1.011563523,1.106512179,-0.58196253,-0.624491917,0.484690038,24
"Anomochloa_marantoidea","Anomochloa_marantoidea","Anomochloa marantoidea","Perennial","Shade","Anomochlooideae","C3",540.161,229158.509,21,28.60381818,659.9959545,8.505909091,20.52690909,4.817250872,214.1503335,1.796720927,2.383344937,0.168412862,0.324472191,0.211232087,0.11610832,14519.911,0.063361867,24.05478636,6.884061098,0.637030592,0.003446813,29.24999968,18.44408385,10.80591647,24.75424767,23.53991636,25.26060232,22.60045624,1529.5,36.14625041,21.79131635,0.116190083,422.8603719,327.3939768,405.4933421,366.4788208,154.8578974,171.6716614,129.1528371,0.086882415,163.2276204,153.7416128,168.9754537,135.1354014,1.125889838,1.178207636,1.072423816,0.025671165,1.14724201,1.098500292,1.110621532,1.145574292,1.456530631,-0.256124002,2.650969744,0.213509661,-1.43151317,11
"Aristida_purpurea","Aristida_purpurea","Aristida purpurea","Annual","Open","Aristidoideae","C4",345.636,93827.065,10,80.3785,555.825,6.20775,17.813125,171.6753388,195.2646054,1.02460651,1.321067257,2.135836558,0.351305906,0.165052798,0.074162577,5558.25,0.059239304,14.19619209,15.74841054,0.451311248,0.023929641,32.96146854,-2.302479133,35.26394737,14.83239375,14.63876355,23.3009433,5.807540948,358.25002,14.2798355,1.232689772,0.599773161,166.086444,27.29936878,81.76822603,115.5475509,172.4310778,253.0414054,91.18724784,0.324213136,168.2911749,197.2324792,233.1449287,104.139432,0.359982183,0.589750091,0.175618336,0.372466104,0.558530921,0.199218308,0.235480423,0.503815217,0.45052119,-0.738941491,-0.148733904,0.07440654,0.910458665,8
"Aristida_ternipes","Aristida_ternipes","Aristida ternipes","Annual","Open","Aristidoideae","C4",331.343,86227.622,6,48.34083333,1870.9945,4.378142857,16.50471429,7.377553454,555.2529066,0.908824777,1.388353787,0.152615355,0.296768861,0.207582257,0.08411862,11225.967,0.130189918,23.8538799,13.12130097,0.669546314,0.008514799,34.48007209,13.65095152,20.82912026,25.92733915,23.72175083,27.0804574,20.71673783,1240.127124,59.22883472,0.985635267,0.871391162,647.8605925,23.54975684,265.1632488,250.5105289,182.6692757,229.4796252,138.7758096,0.153533016,185.1672186,200.6256021,210.4807223,149.794997,0.664400763,1.219575902,0.145476949,0.537125598,1.105187168,0.190362334,0.503585947,0.685747462,0.920274073,0.95113847,-0.782324003,0.167679379,0.606526825,7
"Arundinaria_gigantea","Arundinaria_gigantea","Arundinaria gigantea","Perennial","Shade","Bambusoideae","C3",506.1,201169.591,13,54.12353846,2347.890923,10.0015,19.6207,8.066880134,649.0906871,2.362089012,2.360849379,0.14904569,0.276456917,0.236173475,0.120324422,30522.582,0.151725625,17.22675875,12.895336,0.41687496,0.023150759,32.44866228,1.012398172,31.43626446,14.0619747,19.13203019,25.55126631,8.380686358,1488.718719,41.93648994,17.88906175,0.216080124,482.0240335,268.2160611,360.4310818,377.280962,153.687161,213.5981874,86.39687753,0.281672493,144.6142812,150.8409431,196.6613202,97.58127546,0.952777512,1.21004831,0.651858781,0.209291868,1.184461933,0.706970509,0.755162768,1.128677959,0.37223356,0.457985686,1.53650759,0.526610372,0.94444018,10
"Arundinella_deppeana","Arundinella_deppeana","Arundinella deppeana","Perennial","Open","Panicoideae","C3",245.957,47512.6863,3,43.965,1533.321333,4.650333333,18.46566667,5.388665048,360.1623772,0.989827392,1.546339764,0.122567157,0.234890345,0.212850848,0.083741345,4599.964,0.09681549,22.89950617,10.61749338,0.776654136,0.002369685,30.16998245,16.43989979,13.73008258,22.6394768,22.93590176,23.88403154,22.05718168,2741.531992,100.04313,9.273689306,0.615793151,1144.979294,163.4946591,523.1195095,627.0869114,184.289477,213.8439764,157.0496422,0.093711032,175.8233851,191.4902657,206.0681732,162.5896999,1.20289142,1.81294183,0.467492366,0.397958383,1.684525431,0.561976709,0.941730861,1.236544132,0.923101753,2.454066334,0.226690485,0.295374594,1.123492777,6
"Bambusa_bambose","Bambusa_bambose","Bambusa bambos","Perennial","Shade","Bambusoideae","C3",218.357,37447.554,3,25.129,496.179,5.754,16.57116667,0.64692117,25.36222855,0.790882039,1.376474107,0.025744008,0.051115079,0.137449086,0.083064405,1488.537,0.039749913,20.88204626,10.3458362,0.584648258,0.0102169,30.70520738,10.91834522,19.78686245,22.57596302,19.79944739,24.59045373,16.89851029,1589.230593,70.49388504,4.673696103,0.734101826,793.1749866,91.37280809,360.9550914,399.2971347,168.3016956,217.5452282,120.4666681,0.211586415,162.7079556,178.6568598,201.1163001,132.1740473,0.876469298,1.479986764,0.341505665,0.476498566,1.367117703,0.418947709,0.744833453,0.916618191,0.666820605,1.523989675,-0.300105228,-0.009242225,0.819915143,6
"Bouteloua_gracilis","Bouteloua_curtipendula","Bouteloua curtipendula","Perennial","Open","Chloridoideae","C4",410.395,132279.703,8,25.521,514.067125,2.170111111,12.66066667,1.915924096,75.35009178,0.570497468,1.735373375,0.075072454,0.146576367,0.262888598,0.137068088,4112.537,0.031089705,15.10297397,14.56088379,0.537094492,0.018258873,30.08537713,0.419903123,29.66547394,18.46979681,12.37872196,21.71526583,8.400875412,611.076405,26.33258586,2.607650503,0.661671702,290.872555,45.3512702,201.5856011,105.6220258,169.3374172,232.0530577,104.7365185,0.253000579,184.8793956,165.182006,213.5810239,119.6748366,0.488042526,0.77081821,0.24613371,0.35226792,0.714607554,0.278233679,0.469849591,0.483027566,0.571570877,-0.338496542,-0.154256926,0.289536447,-0.044484875,9
"Brachyelytrum_aristosum","Brachyelytrum_erectum","Brachyelytrum erectum","Perennial","Shade","Pooideae","C3",307.394,74213.194,10,34.8661,961.8257,3.641611111,12.88922222,3.159488793,172.0893696,0.505433552,1.358503093,0.090617786,0.178919496,0.138793939,0.105398376,9618.257,0.12960306,7.426973494,10.33902532,0.292917029,0.030681189,25.01005103,-10.47872393,35.48877502,9.750024944,4.400724977,18.1446566,-3.945466583,1168.634149,28.97198026,16.17067388,0.172466346,352.0418924,231.6084081,297.5943142,286.2438913,127.9761161,205.158831,48.95147054,0.434586457,125.7354253,132.9123029,187.7430509,68.08120272,1.013219018,1.155919754,0.818975973,0.114246362,1.134914709,0.863570319,0.868809134,1.110964711,-0.103176267,0.176193878,1.613782037,0.101789507,0.544371512,18
"Bromus_inermis","Bromus_inermis","Bromus inermis","Perennial","Open","Pooideae","C3",169.01,22434.481,4,26.05425,557.94425,18.16671429,26.10857143,6.487441991,264.8583246,1.481206233,1.323264506,0.248997457,0.474703924,0.081534074,0.050683145,2231.777,0.09947977,7.015194148,11.67511325,0.35172841,0.027106057,24.521792,-9.080850696,33.60264271,12.03272369,2.79009909,16.61355963,-2.696570698,655.5346099,20.4020837,6.753987939,0.356038614,238.6497712,101.8185465,185.2866276,150.4575656,134.2305993,225.322193,49.76137347,0.481176385,166.144224,117.9509907,204.3161294,64.51484398,0.693450454,0.907181701,0.464159884,0.224355093,0.87759817,0.499983713,0.542507056,0.824271699,-0.089641527,-0.23131925,0.561878936,0.031347903,0.460219954,7
"Bromus_tectorum","Bromus_tectorum","Bromus tectorum","Annual","Open","Pooideae","C3",186.414,27292.696,6,22.74766667,408.6665,4.460142857,11.46714286,1.879566191,65.14936122,0.817462625,3.218941618,0.082626769,0.159419383,0.183281713,0.280709995,2451.999,0.08984085,11.13521835,12.93239399,0.419919087,0.021918719,28.25763657,-2.666921815,30.92455828,8.17100328,15.13560914,19.43246534,3.559974781,598.3843677,21.30950057,3.494268948,0.515040653,250.2328469,61.97188068,83.57287165,212.2562326,159.3912414,254.1863521,71.55987632,0.39909468,124.4723145,205.9345371,231.4237714,86.20137564,0.591420155,0.934755356,0.24546881,0.435099719,0.899733753,0.283161775,0.301106466,0.856539528,0.371634126,-0.182213505,-0.037769898,-0.865818976,1.64912334,7
"Bromus_vulgaris","Bromus_vulgaris","Bromus vulgaris","Annual","Open","Pooideae","C3",220.436,38164.073,17,15.427,193.8139412,3.020181818,16.14154545,3.015922516,81.57598642,0.531685211,2.713783424,0.195496371,0.420898445,0.176044107,0.168124139,3294.837,0.086333474,8.676180639,13.3220868,0.470374222,0.019367049,25.16905203,-4.099396327,29.26844808,6.251803556,12.73079307,15.84416084,2.096459707,951.9038233,38.68222108,3.199595189,0.635841821,452.4381499,58.10391842,70.904504,431.7902373,148.6075827,257.2547314,55.7724461,0.468127001,103.7036021,202.7549297,227.8248341,69.12213061,0.766950133,1.247021415,0.242929423,0.495877129,1.205524446,0.285671929,0.303111243,1.191513565,0.13512525,0.725700037,-0.279028898,-1.248521638,2.626057311,11
"Centotheca_lappacea","Centotheca_lappacea","Centotheca lappaceae","Perennial","Shade","Panicoideae","C3",233.973,42995.17,9,38.27155556,1190.192778,3.621,9.542428571,7.551335082,449.6374223,0.417552791,1.225839013,0.197309333,0.377785373,0.11531422,0.128461953,10711.735,0.249138101,25.07745378,8.671875872,0.723476086,0.003645032,31.33455451,19.01845801,12.31609649,25.39389167,24.61209863,26.32645166,23.56110141,2210.588223,82.94461821,13.43355562,0.537058167,911.2158932,221.8672585,596.6524482,467.8298773,146.1696664,179.944085,109.954286,0.162941616,136.3487365,156.3602063,164.983046,122.9110669,1.126477002,1.631314241,0.597187775,0.305233754,1.495637298,0.689150734,1.115327958,1.090615127,1.008657116,1.776628521,0.707978877,0.105258887,-0.282435471,7
"Centropodia_glauca","Centropodia_mossamadensis","Centropodia mossamadensis","Perennial","Open","Chloridoideae","C4",927.46,675585.094,12,64.26946154,3266.428923,4.677166667,27.52266667,5.543883035,556.4575797,1.434286445,3.315431066,0.086259989,0.170356555,0.306657117,0.12046184,42463.576,0.062854519,19.7881635,8.813837846,0.599330266,0.006952984,26.36666616,11.67000008,14.69666672,21.98546282,17.22454707,22.05098343,16.88872941,115.3332634,7.553846598,0,1.159945647,79.40135447,0.082829366,76.26828893,0.082829366,163.1224976,188.1866709,130.1256663,0.114717498,176.1980998,136.8798981,174.3781026,137.2795359,0.201561401,0.396457324,0.087424199,0.493726323,0.353774404,0.095616897,0.349751805,0.121849599,1.380337,-1.224223673,-0.814314326,-0.819312016,-2.136362314,12
"Chasmanthium_laxum","Chasmanthium_latifolium","Chasmanthium latifolium","Perennial","Open","Panicoideae","C3",147.61,17112.851,4,29.449,778.0735,0.87775,9.288625,12.82902093,586.3132492,0.275132046,1.305841375,0.435635197,0.753544812,0.313451491,0.140585003,3112.294,0.181868819,15.29579691,13.04007526,0.369794948,0.027570072,32.66607654,-2.953999304,35.62007549,16.98215135,11.16668503,25.14687155,4.777390955,1165.252077,32.89282372,13.18766419,0.263350853,373.1880373,199.9074676,309.4153656,250.1966074,152.0611773,223.0572527,78.19505977,0.325590609,174.8304521,123.9954804,207.1341685,91.04754781,0.846656766,1.055527803,0.570989505,0.19120197,1.020125309,0.63898175,0.657802902,0.97134797,0.085653733,0.183254741,1.208840614,0.939041704,0.783830754,8
"Chionochloa_macra","Chionochloa_bromoides","Chionochloa bromoides","Perennial","Open","Danthonioideae","C3",422.013,139875.77,13,34.07276923,927.1582308,13.5814,18.116,4.601046659,258.8279642,2.100638644,1.651626606,0.135035888,0.279162667,0.154670258,0.091169497,12053.057,0.086169728,15.7581501,7.920680046,0.483729601,0.0098962,24.5,8.125809669,16.37418938,12.34259987,17.98378944,19.57357979,12.24260044,1612,43.16910172,23.04529953,0.206752703,525.6749268,305.7695007,342.2531128,518.3078003,139.0536957,194.3320007,77.7009964,0.292971194,89.20540619,189.4143066,174.2891998,95.2318573,1.165032983,1.338868976,1.019181967,0.087668873,1.306638002,1.038185954,1.070955992,1.297793984,0.934935987,0.279496998,2.293534994,-0.783069015,0.125031993,10
"Chusquea_circinata","Chusquea_liebmannii","Chusquea liebmannii","Perennial","Shade","Bambusoideae","C3",1196.199,1123819.978,17,66.17129412,3545.451471,3.2546,14.13046667,12.00159288,1182.554495,1.064297475,1.437854198,0.181371591,0.333541301,0.327013296,0.101755606,60272.675,0.053631966,23.73300593,10.32526817,0.784912955,0.002124895,30.84190623,17.68484861,13.15705739,23.35790513,23.91950989,24.66030745,23.00395815,2455.363636,95.6462978,5.027915572,0.677330991,1109.424784,93.22230923,381.3284514,578.1231856,186.0332138,218.2068449,158.1340577,0.097897176,175.0253111,195.5376712,210.2750267,162.4257692,1.127110178,1.77424834,0.327100339,0.441634168,1.661523237,0.413025693,0.73898124,1.234392762,0.938835802,2.353633642,-0.256377881,-0.02619088,1.417884816,15
"Cortaderia_selloana","Cortaderia_jubata","Cortaderia jubata","Perennial","Open","Danthonioideae","C3",1142.03,1024341.011,11,72.169,4149.5029,6.854916667,23.60991667,9.124554309,1075.653804,1.021494668,1.871394155,0.126433154,0.259224738,0.149016351,0.079263056,41495.029,0.040508999,13.23671608,10.83675151,0.640188578,0.008461177,22.89707581,4.739297959,18.157778,11.71562353,14.84216072,16.35641281,10.1608973,921.96,29.4010358,7.999102129,0.428168316,349.8516638,122.9142408,205.5410698,239.7029332,150.9052891,206.6123741,95.45263051,0.24871654,121.0346608,182.9244969,185.7929215,115.1711633,0.816922361,1.126143405,0.476185165,0.312897259,1.089654236,0.525987982,0.663811997,0.933064738,0.956409977,-0.083002254,0.513563066,-1.113234098,-0.210432414,12
"Danthonia_californica","Danthonia_californica","Danthonia californica","Perennial","Open","Danthonioideae","C3",294.453,68096.012,9,30.08611111,741.2467778,3.6058,13.6076,6.591410043,290.8003279,0.571889616,1.880096227,0.219084814,0.392312434,0.1586027,0.13816516,6671.221,0.097967866,7.93034677,13.71449446,0.442066228,0.022791926,25.83857555,-6.47227868,32.31085415,6.307873957,10.99339484,16.20656482,0.070149834,864.3768255,35.28320125,2.569648032,0.654567135,415.5002548,48.64096559,79.43319611,380.2952541,146.8185459,254.8290965,53.6500005,0.478302901,106.2047506,196.5411169,227.6801839,66.86676854,0.705260164,1.142985474,0.254399355,0.460018524,1.102379096,0.2904007,0.308965483,1.078905816,0.040816093,0.557705628,-0.297544345,-1.044592344,2.39782463,10
"Danthonia_spicata","Danthonia_spicata","Danthonia spicata","Perennial","Open","Danthonioideae","C3",234.283,43109.343,11,21.05236364,352.5836364,3.485444444,13.30611111,2.508607832,81.28594777,0.621187393,3.530251317,0.119160389,0.230543733,0.178223295,0.265310524,3878.42,0.08996704,6.47260532,10.88702096,0.293059577,0.032911844,25.07895546,-12.65780493,37.73676059,9.526131629,3.102206133,17.83646251,-5.687369385,1081.564118,27.768294,14.98793953,0.215897939,336.005543,212.4109143,274.3336333,268.2132377,127.7436053,207.921547,47.14347783,0.451959845,133.2430539,127.2085045,190.0769422,65.49294389,0.947518964,1.100333064,0.738019896,0.129088666,1.080998076,0.78398257,0.798209127,1.052510739,-0.205488445,0.139054975,1.405798401,0.18292897,0.617567351,9
"Diarrhena_obovata","Diarrhena_obovata","Diarrhena obovata","Perennial","Shade","Pooideae","C3",332.007,86573.28,10,31.7633,805.2544,9.041785714,12.718,4.26493788,204.3226081,1.085443559,1.38806412,0.134272506,0.253736717,0.120047477,0.109141698,8052.544,0.093014196,9.566039562,12.35503483,0.318800747,0.032927945,28.92100048,-10.08066487,39.00166512,19.95175457,-2.833699629,21.00038433,-2.887802124,910.5000305,23.17080021,10.36671472,0.244300701,290.5496063,149.8915024,285.9151001,150.0298538,132.8022003,209.5174942,54.43799973,0.408060908,198.793251,68.91633606,196.6320496,70.42588425,0.876379102,1.033742547,0.631037503,0.1616407,1.013733864,0.677170753,0.682318956,0.996102393,-0.40165551,0.157959506,1.058195502,1.248457015,0.310653508,14
"Digitaria_exilis","Digitaria_eriantha","Digitaria eriantha","Annual","Open","Panicoideae","C4",332.622,86894.227,8,29.957625,720.4375,2.2009,22.4221,6.391947254,265.1288829,1.427303164,1.345816023,0.213366288,0.368010942,0.648508866,0.060021854,5763.5,0.066327767,18.64269584,13.76329138,0.563097369,0.012716341,29.7520695,5.062996487,24.68907295,22.1266236,14.47504068,22.93699056,13.52816286,746.7899733,29.19835587,3.263519457,0.644222665,341.110252,54.20431439,290.7268078,86.23993231,191.32149,233.516092,142.5228565,0.158350705,205.3061939,173.3587713,220.0555111,156.0313755,0.521962378,0.798722225,0.261358718,0.358508915,0.750984507,0.292144289,0.643446004,0.397871311,0.904372064,-0.338429,-0.062366968,0.527837104,-0.592539671,10
"Distichlis_spicata","Distichlis_spicata","Distichlis spicata","Perennial","Open","Chloridoideae","C4",148.682,17362.329,4,29.46675,683.5435,3.247625,9.421125,1.603277762,73.97827042,0.796361716,1.217427315,0.054409725,0.108227597,0.245213569,0.129223136,2734.174,0.157477375,12.66466102,13.91125566,0.460706208,0.022238776,29.59465225,-2.572455285,32.16710735,11.70190904,14.1653627,20.79956913,4.727194623,429.0039367,17.44581083,1.942004602,0.669125831,202.6124982,33.12450013,72.3043982,159.7765456,161.1609887,247.8442843,77.52613352,0.37780343,137.2341104,197.2183232,225.4941588,91.7848828,0.447713017,0.750077199,0.204467367,0.443551069,0.713273944,0.226044167,0.255500618,0.655929485,0.434967649,-0.44113352,-0.2688058,-0.586095005,1.106630181,8
"Ehrharta_bulbosa","Ehrharta_erecta","Ehrharta erecta","Perennial","Shade","Oryzoideae","C3",230.104,41585.194,7,34.58342857,941.2305714,7.900625,17.000875,1.671614874,88.81866438,1.054823064,1.477536312,0.048335719,0.094364407,0.133511344,0.086909427,6588.614,0.158436534,15.34526576,12.06359607,0.526474344,0.013056412,27.47087713,4.411606725,23.05927019,13.46603269,17.13616284,20.28904804,10.68948849,692.7060964,24.92589324,4.665291391,0.565898015,294.5287889,73.17341839,133.6213163,216.1900086,168.0734451,237.9461525,94.50860207,0.299731593,139.7105397,200.1212651,218.9430328,112.0744301,0.619781113,1.007340258,0.280883674,0.458008727,0.963510823,0.310550872,0.400212387,0.835468493,0.774939428,-0.138657889,0.005384738,-0.829142392,0.8471092,8
"Ehrharta_stipoides","Ehrharta_stipoides","Ehrharta stipoides","Perennial","Shade","Oryzoideae","C3",344.966,93463.764,6,32.7505,897.2191667,11.174,15.3203,9.150836656,478.9349641,1.337972762,1.392853111,0.279410594,0.533799301,0.119739821,0.090915525,5383.315,0.057597884,14.69893132,10.81621739,0.511845297,0.012654989,25.81955994,4.508628968,21.31093097,14.38892636,15.38674736,19.31407785,10.00065635,1012.377232,31.07995649,9.646502642,0.352091678,371.0411024,147.8768858,258.2200672,258.9814741,163.2816707,230.6026528,91.77316401,0.303829263,144.1174569,186.2361441,211.7649496,109.631819,0.793937101,1.079664319,0.469223696,0.276287298,1.042558209,0.524457996,0.645072873,0.951798222,0.759173756,-0.065411695,0.801396841,-0.493617895,0.455382592,10
"Eleusine_indica","Eleusine_mulitflora","Eleusine multiflora","Annual","Open","Chloridoideae","C4",246.186,47601.09,7,29.67785714,698.8735714,1.877272727,10.33890909,3.250879493,153.3070893,0.385342988,1.045930825,0.109538889,0.219363123,0.205267451,0.101164525,4892.115,0.102773172,18.43886977,13.68812788,0.736964732,0.004970404,27.77030635,8.761433826,19.00887281,19.16330397,16.94379473,20.24073446,16.5561136,803.1250439,36.15500671,1.946538769,0.678171847,388.0657377,47.52153826,256.4387636,52.10855985,197.3642778,218.5653133,168.2574992,0.081932348,188.9932957,197.6246805,211.3619404,191.6855321,0.594981901,1.08372114,0.234284191,0.462626414,0.975561868,0.273831374,0.632424243,0.313685593,1.299400933,-0.109534382,-0.461811002,-0.166780191,-0.99041076,11
"Elionurus_barbiculmis","Elionurus_barbiculmis","Elionurus barbiculmis","Annual","Open","Panicoideae","C4",777.234,474453.103,20,42.91605,1459.2099,12.42104545,48.26045455,4.335332847,292.2710041,2.309103155,8.195507763,0.101018916,0.200294011,0.18590248,0.169818288,29184.198,0.061511239,16.65413984,16.22025214,0.527404199,0.018052795,32.59347746,1.376865004,31.21661335,22.23548889,15.63774639,23.13269456,10.01090972,672.444475,37.97225507,2.061789572,0.8069248,388.7367435,42.16599846,332.5248854,102.22504,174.0155979,247.4954427,105.2576663,0.265894592,203.3588121,196.6485981,218.3735521,120.1444028,0.467010697,0.906176441,0.181759631,0.457292211,0.777173761,0.230393234,0.602577809,0.447595497,0.483535217,0.143464545,-0.469987902,0.753406111,0.242531893,22
"Elymus_repens","Elymus_repens","Elymus repens","Perennial","Open","Pooideae","C3",175.379,24157.227,7,26.24028571,551.569,4.664,12.633875,4.001006861,147.6975635,0.770444028,1.202928621,0.152475735,0.267777129,0.165189543,0.095214542,3860.983,0.159827243,8.975957587,10.56452809,0.361834004,0.024080361,25.15437718,-5.170230141,30.32460723,10.10226353,9.915900592,17.68964769,0.411915424,670.9589873,20.35032497,6.565963852,0.362850465,238.0967915,102.9992023,145.9671515,179.6619769,138.5190923,234.9429784,51.72413389,0.477280992,128.9550677,164.7760616,211.4870586,66.58916459,0.71155384,0.964608469,0.406629974,0.287897373,0.933506945,0.454262365,0.481117792,0.889449413,0.173958293,-0.220325165,0.470761422,-0.676073115,0.956391868,8
"Elytrophorus_spicatus","Elytrophorus_spicatus","Elytrophorus spicatus","Annual","Open","Arundinoideae","C3",161.798,20560.607,2,34.008,928.2315,2.822333333,7.489222222,7.117736859,380.2106091,0.514153674,1.121129094,0.209295956,0.409607527,0.182173263,0.149699002,1856.463,0.090292227,25.14143711,13.39554937,0.546575287,0.012599945,36.48345001,11.65972191,24.82372824,28.57109536,21.00114531,29.41729702,19.91976827,727.2427783,41.34984708,1.2231942,0.926844467,454.9091612,23.68371529,289.3535493,59.78121184,201.1088999,244.051948,159.5291291,0.137941377,200.3032405,197.6639743,220.0890046,177.2592032,0.402930627,0.876258706,0.136861767,0.587397079,0.781809202,0.156398217,0.482219257,0.259424422,1.022832943,0.12386823,-0.804073689,0.624121003,-0.149428511,9
"Eragrostis_tef","Eragrostis_minor","Eragrostis minor","Annual","Open","Chloridoideae","C4",260.483,53290.514,4,53.30825,2243.43425,6.1686,14.8208,4.420336064,373.1937319,1.472257164,1.97833116,0.0829203,0.166349307,0.238669579,0.133483426,8973.737,0.168392765,15.0328483,11.92909721,0.434562457,0.019491296,29.44893188,1.357759431,28.09117238,15.9643304,14.23827411,22.06786656,7.782898165,697.1718768,25.83334367,4.912596532,0.514650204,296.6272107,79.15475654,205.1497753,151.5071961,167.6954097,240.8593147,95.32879267,0.31159048,155.7051332,180.1934888,220.1416095,110.6561349,0.597868605,0.903615663,0.337669843,0.34974495,0.855934434,0.369493461,0.491531863,0.703601999,0.541306928,-0.220314371,0.191865705,-0.151090415,0.57455514,10
"Eragrostis_walteri","Eragrostis_walteri","Eragrostis walteri","Perennial","Open","Arundinoideae","C3",117.752,10889.96,1,37.168,1085.009,1.728714286,9.798285714,0,0,0.221195023,1.610694645,0,0,0.127953488,0.164385352,1085.009,0.099633883,17.80136035,12.48696369,0.607108205,0.009644581,27.28157745,6.749904898,20.53167285,20.71218724,14.50879349,21.05837797,13.96584652,134.6773806,9.219810255,0.071954951,1.251134,96.3365999,1.798772754,74.73858969,2.498354299,197.3785917,242.5930949,154.4255839,0.137532344,204.6795708,174.4895502,218.5641228,166.6854179,0.178958057,0.364673451,0.078618077,0.491956872,0.320305266,0.085997848,0.240147409,0.123813412,1.273798043,-1.292541012,-0.731137903,-0.207211266,-1.157250699,7
"Eriachne_aristidea","Eriachne_aristidea","Eriachne aristidea","Perennial","Open","Micrairoideae","C4",239.847,45181.3,7,53.15542857,2438.047571,1.881375,12.4685,18.0322889,1463.918139,0.368008516,4.381354129,0.339237015,0.600446914,0.195606148,0.351393843,17066.333,0.377730012,22.21103641,14.78130936,0.483323287,0.019038505,36.90593152,6.269121343,30.63681029,28.22764366,17.22977887,28.97611032,14.70121846,313.7445401,13.17029875,2.009887463,0.524948696,142.8302924,35.32666641,131.810409,45.74692987,210.7751054,263.503919,144.3367968,0.193562911,234.0572398,201.244558,246.3947699,162.163059,0.255070695,0.354298247,0.169856146,0.212728276,0.328085441,0.186703718,0.274490213,0.268210005,0.939849414,-1.334206317,0.290192212,1.12466364,-0.015860871,8
"Eriachne_mucronata","Eriachne_mucronata","Eriachne mucronata","Perennial","Open","Micrairoideae","C4",373.125,109344.755,20,32.28380952,856.3524762,11.06781818,17.43090909,7.106760399,366.4869528,1.209881384,1.389076201,0.220133885,0.427962741,0.109315257,0.079690405,17983.402,0.164465154,22.12820336,14.45548009,0.504599124,0.017074021,35.73781098,6.889067023,28.84874402,27.58490027,17.0052167,28.06563902,15.31146075,482.3102825,21.73858734,2.52381866,0.600993392,244.6794028,42.62096719,212.1240768,50.41045328,206.6416552,256.3887878,147.0154265,0.180109778,226.754758,193.6800024,237.8748819,165.0451255,0.327016334,0.510887625,0.194437699,0.28020075,0.472265167,0.215691716,0.389155042,0.284040986,0.933978584,-0.912550718,0.109533279,1.052798964,-0.18616783,11
"Eriachne_obtusa","Eriachne_obtusa","Eriachne obtusa","Perennial","Open","Micrairoideae","C4",351.662,97127.355,10,46.704,1727.5253,14.67818182,17.58818182,4.645524537,323.0949714,1.333693429,1.003574493,0.09946738,0.187027635,0.090862305,0.057059593,17275.253,0.17786187,25.51926071,13.17244217,0.550713437,0.012054515,36.32416745,12.19859404,24.12557344,28.89668636,21.34656322,29.49691523,20.41665413,768.7986636,44.68031546,0.952206476,0.997919677,494.0217663,19.00263217,339.8160814,25.38512071,202.348407,245.0697821,164.6996224,0.129651894,197.2047204,201.4877338,216.7582711,183.0328011,0.41348063,0.923272428,0.128666536,0.625898332,0.821015266,0.148518755,0.553528587,0.19656663,1.053879542,0.273692965,-0.974768855,0.619678283,-0.32947968,11
"Eriachne_stipacea","Eriachne_pallescens","Eriachne pallescens","Perennial","Open","Micrairoideae","C4",244.419,46920.105,9,32.00866667,808.8781111,13.21055556,23.37688889,2.449180424,120.6258848,2.991985257,3.714511759,0.076516165,0.149127394,0.226484438,0.158896754,7279.903,0.155155301,22.9702732,9.920855343,0.559145586,0.009335734,31.152397,13.1030819,18.04931536,25.85482604,20.15011962,26.1517893,19.15782655,1416.830909,61.95497187,6.057622616,0.702267048,728.7852398,104.54123,576.2970203,136.2530047,185.6669589,226.9447997,143.2076391,0.151563573,188.9277234,189.2914535,202.3853033,162.5745446,0.801719084,1.319787665,0.350837404,0.432739964,1.249324341,0.410896729,1.023485547,0.586996102,0.929106716,1.062860628,-0.176589105,0.564343978,-0.511298212,9
"Eustachys_glauca","Eustachys_glauca","Eustachys glauca","Perennial","Open","Chloridoideae","C4",455.548,162988.815,13,34.57938462,981.1282308,7.547777778,13.63933333,7.611553647,362.8141941,2.880544427,1.460234485,0.220118251,0.369792839,0.381641393,0.107060547,12754.667,0.078254861,21.35520935,12.79961014,0.502135813,0.0161037,32.88710022,7.39677,25.49032974,27.02389908,18.03318977,27.03964996,15.02923012,1361,49.09379959,12.65569973,0.458860606,580.7536011,194.7378998,580.5532227,242.6864014,161.5890045,209.4620056,102.4759979,0.227959007,187.6054993,119.7376022,190.761795,117.1837997,0.877359807,1.176972032,0.56674701,0.208468705,1.119796991,0.716510773,1.095698953,0.857317686,0.522107005,0.679370999,1.010805964,1.362148046,-0.503044009,9
"Glyceria_striata","Glyceria_striata","Glyceria striata","Perennial","Open","Pooideae","C3",96.928,7378.852,1,50.748,2022.663,3.920666667,8.768666667,0,0,0.672857712,1.169788229,0,0,0.171618189,0.133405485,2022.663,0.274116218,5.194442848,12.13181459,0.329377337,0.031358629,24.18108425,-13.37941797,37.56050246,9.98028271,1.767107289,16.04121103,-6.169050645,847.2318811,25.50005137,9.745195898,0.359456029,301.0449498,142.870757,230.8400206,209.8421843,128.3888402,215.305977,45.28416688,0.475832185,151.1601138,119.2864544,196.0543382,61.05306495,0.791378809,0.977108003,0.577919216,0.176270966,0.951409563,0.618280188,0.66987179,0.894665025,-0.249023822,0.005603447,0.819435752,0.167015801,0.510158221,9
"Guaduella_sp","Guaduella_sp","Guadella sp.","Perennial","Open","Puelioideae","C3",142.068,15851.894,7,25.14542857,523.8684286,6.211125,11.263125,6.36529559,239.1678734,0.715456785,0.676772897,0.253139276,0.456541873,0.115189565,0.060087489,3667.079,0.231333808,25.24216886,8.617049607,0.746950805,0.003108281,31.25278143,19.6684911,11.58429089,24.8369125,25.0505913,26.21313997,23.8694334,2357.636364,93.58691441,7.358998026,0.590204848,1009.697119,150.1912435,521.4246521,599.894034,114.6654947,149.0495439,83.42123621,0.196279304,93.66981402,124.9693982,141.3100326,86.2631347,1.172854426,1.749109685,0.510206456,0.329382885,1.592297641,0.634057227,1.094632685,1.144759223,0.793969455,2.381123819,0.073994967,-0.465857003,-0.076997332,8
"Hakonechloa_granularis","Hakonechloa_granularis","Hackelochloa granularis","Perennial","Shade","Arundinoideae","C3",351.542,97060.781,14,40.16678571,1279.687571,8.417666667,15.80633333,4.146764803,268.1299875,2.559990521,2.787402136,0.103238652,0.209527695,0.304121156,0.176347169,17915.626,0.184581515,24.56222849,11.74974771,0.653616775,0.006693949,33.8869812,15.24709169,18.63988959,25.29330948,23.48562038,27.0223183,21.96410832,1313.971718,60.70698385,3.278881457,0.812556435,679.6330099,60.58412095,354.0499988,290.3372878,170.5982246,205.6157565,133.0470658,0.13879923,160.9257809,178.5351483,189.3839261,148.0393635,0.739284672,1.355902562,0.235181471,0.573401555,1.248067192,0.278960841,0.653868191,0.7784557,0.953007011,1.207266109,-0.650672122,-0.050111276,0.217684259,6
"Hesperostipa_neomexicana","Hesperostipa_neomexicana","Hesperostipa neomexicana","Perennial","Open","Pooideae","C3",459.896,166115.038,10,33.612,897.0746,8.995142857,19.53742857,3.71696791,207.379459,1.662380966,2.842636151,0.11058455,0.231173036,0.184808734,0.145496944,8970.746,0.054003214,12.46982813,16.65973857,0.465267234,0.024703333,31.03744316,-5.584845634,36.62228864,20.53095463,5.825524846,21.47748225,3.517546426,381.8571265,15.32877006,2.284407705,0.579418701,171.1742559,37.45296785,160.2005354,44.83541604,164.6018655,241.434712,89.89123562,0.305087514,212.3791439,129.5835043,220.2303647,102.4258491,0.347424064,0.460192785,0.247562824,0.177205159,0.42687698,0.2695426,0.368290544,0.328266177,0.25168382,-0.92936089,0.132627607,1.036572535,-0.220659142,7
"Hordeum_vulgaree","Hordeum_vulgaree","Hordeum vulgare","Annual","Open","Pooideae","C3",190.216,28417.378,4,35.87225,1012.40325,2.918727273,10.27709091,1.719669421,96.8777598,0.689196357,2.272946742,0.047938711,0.095690882,0.23612907,0.221166356,4049.613,0.142504808,9.800530759,9.751906828,0.360336752,0.020623729,24.54871464,-2.299211175,26.84792582,10.40745137,11.75941925,17.53098414,2.607536767,796.1846721,22.4108422,8.979995127,0.334989143,265.4877732,135.0328728,189.5499556,193.3288212,147.5142409,243.8547393,60.68363836,0.426540478,144.8172144,175.7157379,218.4040092,76.97318506,0.751794991,0.998031555,0.484348826,0.295302529,0.964441138,0.522845267,0.566213959,0.908084733,0.339437165,-0.248891466,0.761695081,-0.58406009,0.882854176,11
"Isachne_distichophylla","Isachne_polygonoides","Isachne polygonoides","Perennial","Open","Micrairoideae","C3",123.506,11980.241,6,27.707,616.7876667,2.4785,9.453125,2.919960822,134.7076612,0.484895865,1.399147132,0.105387116,0.218402002,0.195640857,0.148008953,3700.726,0.308902467,24.9965882,10.47730494,0.755670193,0.002053947,31.9961356,18.08645276,13.90968233,24.91991211,24.68269763,25.75019376,24.20334995,2242.941176,83.71241783,7.644172416,0.614211528,982.0691887,133.2617422,431.742358,520.8658387,152.6610951,185.0797056,121.1708423,0.152478346,130.628996,169.9052402,172.8018287,140.8050214,1.080729257,1.628142371,0.422713468,0.394283959,1.544986893,0.502703275,0.862498902,1.093919666,0.9811959,1.988993126,0.001133651,-0.22160459,0.418075674,8
"Leersia_tisserantii","Leersia_oryzoides","Leersia oryzoides","Perennial","Open","Oryzoideae","C3",160.72,20287.563,4,38.58125,1191.1055,5.091916667,10.36841667,6.113956241,352.2129866,0.510595278,1.025532452,0.158469626,0.295702594,0.100275655,0.098909263,4764.422,0.234844471,11.69705709,10.86824693,0.387803519,0.021320565,27.05245802,-1.215525087,28.26798385,9.354568804,13.59463017,19.53191765,4.048695987,820.9879696,24.52381159,8.466168594,0.354536467,291.0731866,130.0733696,154.7993396,254.724235,136.4511268,231.9416843,48.86567629,0.479326207,88.27225769,178.9572345,208.9369981,62.83579062,0.796602576,1.093832233,0.444222681,0.328439231,1.062607537,0.495475253,0.502613379,1.036867369,0.312583305,0.036286205,0.565616464,-1.037323205,1.341826872,12
"Leptaspis_zeylanica","Leptaspis_zeylanica","Leptaspis zeylanica","Perennial","Shade","Pharoideae","C3",247.255,48015.323,9,25.7791,526.5112,4.857571429,8.582428571,2.541419352,102.3361203,0.804885677,0.714373352,0.098584487,0.194366464,0.165697137,0.083236737,5265.112,0.109654828,24.06107766,9.132448673,0.765316829,0.00272825,30.29667177,18.33484246,11.96182929,23.82173308,23.85244958,24.97286828,22.90152518,1975.37559,77.92470677,6.804779424,0.551937238,803.5601417,155.3419385,488.6673221,417.796034,121.4842012,156.0090734,87.20786103,0.198368276,104.9263149,127.7040031,148.3821668,92.46293875,1.093504416,1.586263753,0.490892587,0.298438242,1.423675728,0.631941016,1.037023547,1.03554412,0.927112291,1.677312079,0.205002778,-0.465642013,-0.605137187,7
"Leymus_salinus","Leymus_salinus","Leymus salinus","Perennial","Open","Pooideae","C3",276.619,60097.227,6,37.94916667,1134.928333,9.809571429,22.76885714,2.423447414,143.3621243,1.245642519,2.300502078,0.063860359,0.126318218,0.126982359,0.101037222,6809.57,0.113309221,11.34150213,14.82986116,0.397031557,0.027501394,31.60127184,-5.818822608,37.42009481,7.647839288,12.10577587,21.68568495,1.71106663,307.3333367,9.800831079,2.475743958,0.337743801,109.3135325,46.1610687,73.59238678,89.07906299,166.9507548,263.52378,77.52668911,0.387407248,140.1562763,195.3543879,240.5196423,89.50165685,0.362207818,0.526030832,0.194476709,0.30143156,0.503770789,0.227581972,0.244543383,0.478629347,0.362398491,-1.026923774,0.146304779,-0.305553226,1.112630487,7
"Melica_subulata","Melica_nitens","Melica nitens","Perennial","Open","Pooideae","C3",294.342,68044.563,6,37.87,1133.373833,3.786818182,16.36745455,3.272438051,196.0503271,0.575258867,3.052461052,0.086412412,0.172979401,0.151910876,0.186495771,6800.243,0.09993808,11.61798787,11.98503518,0.319635458,0.03186512,30.11777496,-7.654030204,37.77180576,18.58073258,3.382939577,22.68314552,-0.568288445,1074.749908,27.14330006,12.32898498,0.224054124,332.8568954,190.4913292,296.8619232,221.2970314,139.2136993,214.3230019,61.20987415,0.386922374,193.7976036,97.50284958,201.4480019,76.13323212,0.900732681,1.096493512,0.639456764,0.183391798,1.064309269,0.674941838,0.685893968,1.059500515,-0.247748502,0.249580503,1.233829275,1.120861277,0.683572501,11
"Merxmuellera_disticha","Merxmuellera_disticha","Merxmuellera disticha","Perennial","Open","Danthonioideae","C3",281.533,62251.291,11,23.22581818,425.4080909,7.8216,12.2325,1.556417606,56.49376279,3.096222831,3.533676343,0.067012391,0.132798985,0.39585543,0.288876055,4679.489,0.075170955,11.57970186,13.2064102,0.544662252,0.013034564,22.59185732,-1.700275108,24.29213258,15.81971548,6.395981722,15.89451655,6.38330605,836.4098661,31.25666559,2.76035953,0.627161495,376.1783973,48.85247359,374.1235151,49.21520233,181.17268,218.5548198,136.3721131,0.149654989,207.5558224,147.5467399,207.999058,147.4657565,0.699060973,1.032184183,0.327286851,0.370736338,1.003725058,0.361309385,0.980346893,0.39913743,0.646654903,0.061443329,-0.221286047,0.335040817,-1.160168289,10
"Nardus_stricta","Nardus_stricta","Nardus stricta","Perennial","Open","Pooideae","C3",263.951,54718.597,5,43.4348,1483.6254,11.34728571,16.27457143,1.745837106,121.2306568,0.85824952,1.276097026,0.040194432,0.081712444,0.075634785,0.078410484,7418.127,0.135568662,8.73203101,9.345778886,0.369805723,0.019764479,23.12038096,-2.425360974,25.54574192,7.057307026,12.38141558,16.16803965,1.940356312,897.9340469,24.72610455,9.956332441,0.253368959,292.4015501,155.2187729,174.7399203,250.4714429,133.7056184,237.8858895,43.67378846,0.512907136,93.6741115,185.5620067,210.9207893,59.08599438,0.894743151,1.137792592,0.515120921,0.250095937,1.109592396,0.583661321,0.59732582,1.086685116,0.322867353,-0.049051633,0.893016664,-1.2175581,1.226008713,7
"Neyraudia_reynaudiana","Neyraudia_reynaudiana","Neyraudia reynoundiana","Perennial","Open","Chloridoideae","C4",651.121,332976.169,16,51.296625,2080.316438,3.19225,13.876625,4.309151314,353.5924169,0.354169753,1.350367668,0.084004578,0.169970496,0.110946747,0.097312399,33285.063,0.099962298,16.05135935,9.000755228,0.318810986,0.023389841,29.70387229,1.00797241,28.69590003,20.98396857,8.926127516,24.32297026,6.98050827,1492.448278,60.67707601,7.923747194,0.636539677,706.2473123,125.2288887,529.1876957,165.8897079,138.9281614,188.2122082,102.0748899,0.202221597,146.2411265,115.1386035,164.7131687,110.7494373,1.001365427,1.382646384,0.668568448,0.271326646,1.335148351,0.703113041,1.127782355,0.807655369,0.108120967,1.368413372,0.221158485,0.68908496,-0.550566659,8
"Olyra_latifolia","Olyra_latifolia","Olyra latifolia","Perennial","Open","Bambusoideae","C3",254.349,50809.954,11,32.72490909,860.6458182,6.134555556,14.78788889,5.340214817,255.3043295,0.94485847,1.934678297,0.163185016,0.296642735,0.154022319,0.130828566,9467.104,0.186323806,24.06704103,9.910363224,0.711717142,0.003654341,31.06487854,17.03700339,14.02787508,24.45595261,23.4196128,25.38180651,22.61837975,1959.871012,70.13030779,10.55226083,0.521520879,806.305523,172.1443027,431.6525133,435.2941447,158.6971476,187.2506432,127.8253422,0.124647545,149.6436292,165.2192047,177.4826916,142.1903325,1.05178011,1.495665688,0.54650727,0.320255782,1.409217103,0.61561155,0.927391405,1.023945099,1.069483458,1.345087145,0.550791138,0.006710208,-0.121186071,9
"Oplismenus_hirtellus","Oplismenus_hirtellus","Oplismenus hirtellus","Annual","Open","Panicoideae","C3",202.405,32175.998,7,33.90485714,922.0058571,10.8533,13.3355,5.334513206,256.3980333,1.754289476,1.907811967,0.157337728,0.278087207,0.161636505,0.14306265,6454.041,0.200585573,19.78505374,10.76432818,0.606221697,0.009166867,28.53987833,9.917487972,18.62239037,22.34708043,17.20859765,22.98545836,16.17315648,1558.30817,54.79317275,10.42232923,0.484985813,640.2552055,167.6762887,496.6686472,290.0046413,170.5773718,211.3928955,123.1746054,0.174665919,178.4579492,164.6210554,194.2445282,139.6971245,0.921598879,1.278709953,0.53043981,0.274275534,1.211556908,0.604106604,0.996532881,0.865907956,0.864383788,0.756561442,0.696936097,0.445093717,-0.403698069,10
"Oryza_sativa","Oryza_sativa","Oryza sativa","Annual","Open","Oryzoideae","C3",325.683,83306.848,6,60.55466667,2890.368167,7.871545455,12.82481818,3.9901476,364.8896203,1.428964266,2.027884998,0.065893313,0.126243302,0.181535414,0.15812193,17342.209,0.20817267,21.23043443,11.20762399,0.550777889,0.01199607,32.59727229,10.73310625,21.86416589,20.62448153,23.76547268,25.78923639,16.81988272,1356.013,56.01114805,5.26245697,0.631948438,619.3595867,94.56574818,270.836194,327.8431707,169.2699672,230.779976,111.056217,0.244097665,141.4644934,207.9335905,211.9556881,125.1889934,0.760867883,1.275317912,0.29574529,0.467980482,1.179508123,0.3534268,0.555261688,0.861067193,0.787569437,0.889833871,-0.14004747,-0.310548259,1.116395359,11
"Otatea_acuminata","Otatea_acuminata","Otatea acuminata","Perennial","Shade","Bambusoideae","C3",623.492,305317.419,12,65.51591667,3405.30325,8.235,13.96823077,9.145489663,913.6849886,1.245777535,0.891312156,0.139591875,0.268312371,0.151278389,0.063809953,40863.639,0.133839855,20.24487774,15.24591549,0.593607146,0.012043754,33.02940017,7.058368605,25.97103134,23.27887616,19.8123984,24.47322743,15.59063772,854.5383841,48.70260737,1.592925003,0.950770983,526.6524987,34.73697332,376.8227191,100.4487472,176.2398999,227.8755364,121.6713615,0.187475809,186.502827,200.189986,207.3040901,137.1440923,0.527872838,1.130485227,0.158899845,0.598024974,0.99014445,0.201295129,0.655718084,0.415660588,0.733238147,0.669792849,-0.921163632,0.411116226,-0.03477815,13
"Panicum_virgatum","Panicum_virgatum","Panicum virgatum","Perennial","Open","Panicoideae","C4",498.021,194797.969,14,34.09664286,963.6887143,4.693255814,25.19151163,8.330035531,429.9238221,0.91222332,3.462720822,0.244306619,0.446123126,0.194368975,0.137455857,13491.642,0.069259665,10.94240861,11.76297604,0.348677997,0.028282291,28.41084529,-6.47308739,34.88393278,13.19409372,7.171323661,20.98651495,0.45722352,1005.254306,27.05253699,13.3123189,0.259672206,320.2427367,191.5915223,272.0508138,218.0811862,140.7345244,213.532191,65.24103003,0.371180711,150.3224845,123.8997108,196.7371453,82.63945161,0.840213191,1.019193904,0.59689739,0.173737837,0.991014985,0.649444273,0.694165075,0.912247523,0.059874386,-0.019276808,1.158520701,0.37900284,0.421346575,43
"Pariana_radiciflora","Pariana_radiciflora","Pariana radiciflora","Perennial","Shade","Bambusoideae","C3",182.834,26254.437,10,22.3745,413.2578,5.943375,13.702625,5.329237141,166.3784846,1.435358884,5.44135881,0.238183519,0.402602164,0.241505691,0.397103388,4132.578,0.157404937,26.16635354,9.830048005,0.815393671,0.001576021,32.47309192,20.32631667,12.14677501,25.88610252,26.37219572,26.79570246,25.60013326,2488.25,81.95519129,20.96515175,0.44311045,963.5391947,329.8794244,462.5156733,696.198534,138.6904252,166.209418,113.4834073,0.134627867,120.5218379,155.8717492,155.8985678,130.1774394,1.18645748,1.617525756,0.738760325,0.254857186,1.53546075,0.818718803,0.985001187,1.266078164,1.205941091,1.652393629,1.478434843,0.013100588,0.081824657,8
"Patis_racemosa","Patis_racemosa","Patis racemosum","Perennial","Shade","Pooideae","C3",175.935,24310.451,7,26.51614286,562.6167143,4.574714286,12.18128571,3.930579789,145.1659554,0.56426965,1.313010499,0.148233467,0.258019273,0.123345332,0.107789155,3938.317,0.162000985,5.993019849,10.48388815,0.252306622,0.037764502,26.18344367,-15.36290616,41.54635048,18.27625304,-5.591844827,18.82303143,-8.225693673,968.0000992,22.45009983,14.34594983,0.127027918,276.4138165,201.0290651,273.9715271,217.9300194,126.2192607,212.3831854,42.17409372,0.47832432,182.5706768,92.04969215,197.0055075,60.24045587,0.959721774,1.12078926,0.688161012,0.149048571,1.098307118,0.743629538,0.745473683,1.079704612,-0.55501793,0.209133686,1.395980455,0.989788555,0.703493182,7
"Pharus_lappulaceus","Pharus_lappulaceus","Pharus lappulaceus","Perennial","Shade","Pharoideae","C3",372.184,108794.919,24,30.30116,759.16112,9.728615385,12.15038462,7.169727777,338.0121647,1.119414843,1.344331342,0.236615621,0.445244304,0.115064148,0.110641052,18979.028,0.174447742,21.52868614,10.85366355,0.610613454,0.008409614,30.56768711,12.25662259,18.31106461,23.29839791,18.86162194,24.57787826,18.26934447,1475.382978,44.0442102,14.49794333,0.355411762,511.8666326,221.8706511,429.9930294,271.6501581,162.3803435,199.3347102,117.9187515,0.1572924,172.0183316,144.1624132,188.7661943,131.1642264,0.964171078,1.200094546,0.698362109,0.185764318,1.148684607,0.758196666,0.962824285,0.916277197,0.989261419,0.283485767,1.36386952,0.528184633,-0.698255304,13
"Pharus_latifolius","Pharus_latifolius","Pharus latifolius","Perennial","Shade","Pharoideae","C3",416.611,136317.586,14,30.82986667,753.4506667,8.334428571,13.76657143,3.078109923,144.8290096,1.853047477,1.488231821,0.099841818,0.192220959,0.222336476,0.108104754,11301.76,0.082907571,24.16226318,8.926111363,0.717006592,0.003330034,30.51047194,18.04602149,12.46445051,24.27671948,23.84991879,25.40645195,22.85640805,2182.025454,69.41074491,16.74360866,0.384844188,804.330224,266.6633475,473.3895785,527.8321751,166.1071555,191.9087122,138.0698559,0.102718389,159.2742276,171.0963213,184.4819084,148.3413487,1.163987693,1.505234415,0.773414058,0.207515001,1.426984977,0.837513235,1.045858331,1.187872402,1.200662661,1.152267593,1.500480022,0.258952265,-0.115536031,7
"Phragmites_australis","Phragmites_australis","Phragmites australis","Perennial","Open","Arundinoideae","C3",195.37,29978.212,9,27.04555556,591.589,2.4584,12.3986,4.949596956,199.0360415,0.655645941,3.05705658,0.183009624,0.336443107,0.266696201,0.246564659,5324.301,0.177605689,14.47142372,10.64384949,0.399387396,0.019994324,28.9146955,1.813041479,27.10165409,15.32430703,17.59164763,22.0819242,7.403614939,544.6723004,17.75049337,4.510738403,0.36528056,198.0409417,80.4051507,118.0968162,122.1548891,156.3776159,243.1489778,74.07786188,0.378113127,141.9637372,197.8953828,220.3348694,90.54235782,0.555402849,0.769559928,0.29672228,0.29428279,0.739514255,0.343125286,0.372310415,0.682443949,0.595666286,-0.644256645,0.356672829,-0.581960321,0.708589193,10
"Phyllostachys_aurea","Phyllostachys_aurea","Phyllostachys aurea","Perennial","Shade","Bambusoideae","C3",638.359,320051.366,11,56.32883333,2531.245,8.5723,14.1362,7.381826946,615.5178558,0.88976914,2.05885269,0.131048817,0.243168028,0.103795847,0.145643998,30374.94,0.094906453,16.93707361,11.06177799,0.490231056,0.014985514,28.52653319,5.073715524,23.45281778,18.51970306,15.71812329,22.44304945,11.35860429,1125.57894,39.05811024,8.506381414,0.451956247,453.1297085,135.8193545,342.7946613,210.889595,166.1857679,226.9290868,101.4455469,0.258495192,163.1708755,171.3371578,208.2750509,117.4938927,0.80624281,1.124896674,0.473050104,0.292447238,1.072194477,0.528911277,0.740997966,0.875322114,0.644409319,0.267339347,0.596155845,0.106705387,0.232741241,10
"Poa_palustris","Poa_pratensis","Poa pratensis","Annual","Open","Pooideae","C3",426.106,142601.997,11,29.07163636,676.2476364,6.8118,15.4628,4.182972753,183.5381822,1.256315052,1.754232646,0.143885012,0.271406763,0.18443217,0.113448576,7438.724,0.052164234,6.547752576,11.18308358,0.359974846,0.026269604,23.58425309,-8.761701454,32.34595448,9.20745406,5.382678582,15.88052189,-2.702434491,723.6411445,22.5078857,7.415693094,0.369259334,263.9718865,113.6530088,175.4726321,193.1667064,132.5823889,226.3732429,48.1724737,0.493704825,130.8477058,147.0459168,202.3947723,63.21575438,0.741035752,0.978840879,0.457518806,0.252090239,0.949315167,0.503930349,0.548168751,0.896551429,0.013664331,-0.11993007,0.531002757,-0.508631355,0.74331207,10
"Raddia_brasiliensis","Raddia_brasiliensis","Raddia brasiliensis","Perennial","Shade","Bambusoideae","C3",288.101,65189.577,13,29.33592308,689.9305385,11.286875,19.109375,4.396376187,205.8766792,0.68955502,1.560544588,0.14986323,0.298402039,0.061093529,0.081663821,8969.097,0.137584832,23.30663104,8.533852404,0.665036688,0.004817984,29.63751793,16.75829107,12.87922727,24.1262813,22.28810839,24.9195056,21.30910041,1097.704573,37.90278881,9.595871291,0.412330048,429.8589217,149.8159351,310.2903869,219.1594594,153.4959176,174.7149311,125.2434082,0.100214207,152.6903421,154.9363235,167.1697454,138.954066,0.89148374,1.168632595,0.600767721,0.224373942,1.112631898,0.655259825,0.890790992,0.885841433,1.286607035,0.065383751,0.86472941,-0.27754,-1.267849456,8
"Rytidosperma_semiannulare","Rytidosperma_setifolium","Rhytidosperma setifolium","Perennial","Shade","Danthonioideae","C3",288.806,65509.326,9,30.613625,746.046375,4.047625,12.92725,3.810584355,181.7024321,1.117057095,2.244230237,0.124473477,0.243553803,0.275978406,0.173604613,5968.371,0.091107196,7.544654699,9.065373788,0.458172115,0.012981917,18.1739386,-1.603275383,19.77721376,4.861720589,10.35717297,12.22061759,2.824752817,2091.615385,49.18169961,27.65923823,0.136276461,602.419504,433.2082261,461.0743103,554.9903917,129.5413854,193.7459247,58.84046173,0.377683406,107.5456584,154.5749154,180.429772,70.88498042,1.264992219,1.381398916,1.079713776,0.065177413,1.353884541,1.154609112,1.163956972,1.333347522,0.555755464,0.479563549,2.751947458,-0.477649702,0.141840693,8
"Scolochloa_festucacea","Scolochloa_festucacea","Scolochloa festucacea","Perennial","Open","Pooideae","C3",117.229,10793.475,1,44.066,1525.121,4.046833333,16.8755,0,0,0.853450272,3.274870486,0,0,0.210893358,0.194060649,1525.121,0.141300276,3.740922238,10.59987494,0.289177046,0.033975711,22.7461138,-15.02826663,37.77438032,13.12957181,-2.78307988,15.29784924,-8.501545105,581.0069144,20.0296124,5.545980224,0.454522505,233.0133205,81.94276683,189.0025106,126.7066879,114.6647493,216.8794826,26.2817482,0.608800756,161.0615688,93.47587012,192.5197025,41.869304,0.680466345,0.854898308,0.474703907,0.188045567,0.830805512,0.513723267,0.56448326,0.782741729,-0.466937132,-0.127232393,0.387924058,0.114035849,0.32087791,6
"Setaria_viridis","Setaria_italica","Setaria italica","Perennial","Open","Panicoideae","C4",246.412,47688.561,6,43.51433333,1493.823833,1.949857143,14.07571429,3.194705036,220.6959487,0.376419282,2.321881113,0.073417304,0.147738939,0.193049672,0.164956539,8962.943,0.187947441,14.43363656,11.17089032,0.438136129,0.018407034,27.95128642,1.525153058,26.42613326,16.31907819,11.33323589,21.09250592,7.615135637,870.9915169,26.65820455,8.765700862,0.335444789,312.9704019,135.071279,254.9387486,176.7456374,157.6249743,229.2820464,83.89113266,0.338159157,164.9797353,145.9299639,210.9792352,100.9301794,0.735585601,0.9908308,0.458784776,0.258785476,0.949911805,0.506173959,0.620111561,0.819341703,0.471320768,-0.167947769,0.735585267,0.056735778,0.281138837,7
"Sorghum_bicolor","Sorghum_bicolor","Sorghum bicolor","Annual","Open","Panicoideae","C4",346.555,94326.766,6,63.2345,3172.824,4.721625,15.11925,7.030356371,647.6813145,0.896958979,2.315452671,0.111179125,0.204134019,0.18996828,0.153146001,19036.944,0.20181911,20.41258879,11.77111706,0.57150309,0.011657527,31.27637323,9.400047038,21.87632616,21.73748001,19.16820549,24.60372956,15.97242215,1101.533528,43.14511595,5.972237809,0.591433846,491.0588751,97.05359827,320.0395349,202.0330256,176.4864746,226.1879115,123.0203737,0.203880377,173.8650021,184.104662,210.0658167,137.8305081,0.697819651,1.08490869,0.332571341,0.375504722,1.01733785,0.379844752,0.645018056,0.702825551,0.871921387,0.309728144,0.112840315,0.144974955,0.101869303,8
"Spartina_pectinata","Spartina_pectinata","Spartina pectinata","Perennial","Open","Chloridoideae","C4",463.644,168833.469,12,31.50458333,781.2033333,1.6396,7.6188,1.522451997,76.32283267,0.28505134,0.581182473,0.048324778,0.097699062,0.173854196,0.076282679,9374.44,0.055524773,7.886384108,11.17624156,0.299066899,0.031985462,26.60331055,-10.82460731,37.42791786,9.629293066,5.693631864,19.13431509,-3.926233157,987.0865109,24.97419936,14.07936449,0.216550581,300.5617452,199.2438341,253.9709369,226.025006,131.7516462,211.0053088,51.65247418,0.425567191,133.2461025,130.4346834,194.0289144,70.71471511,0.880806422,1.015226165,0.663864942,0.130593036,0.994684432,0.713983971,0.723586863,0.963998136,-0.09329497,-0.059380007,1.302935738,0.154962666,0.552983863,10
"Steinchisma_decipens","Steinchisma_decipens","Steinchisma decipens","Perennial","Open","Panicoideae","C4",275.544,59630.879,12,33.3775,883.2758333,1.166888889,10.42633333,3.393159576,176.1842158,0.256536276,2.940325832,0.101660088,0.199466813,0.219846361,0.282009575,10599.31,0.17774868,20.9032911,11.34824236,0.588979311,0.009545157,30.75553336,11.05950477,19.69602869,22.58035686,17.89484956,24.36270351,17.25635016,1355.648661,41.98345317,12.35498904,0.382197307,488.2601057,191.4904095,401.4727433,225.393111,162.6449107,203.6475144,112.5652038,0.17494428,171.0133711,138.3762819,191.7248022,127.4865406,0.906241332,1.167201183,0.590159667,0.232350095,1.119223728,0.644697941,0.870117574,0.846569428,0.900106688,0.272568889,1.027657339,0.457923767,-0.565942116,9
"Steinchisma_laxum","Steinchisma_laxum","Steinchisma laxum","Perennial","Open","Panicoideae","C3",181.774,25951.061,6,30.5425,736.6736667,3.2685,12.3495,2.480547984,119.9514694,0.564658747,2.014083489,0.081216272,0.162828502,0.172757762,0.163090286,4420.042,0.170322208,24.11904179,10.21793581,0.694582457,0.005237639,31.09133387,16.27702667,14.81430728,25.19657326,22.69825112,25.85632996,21.95255557,1608.81818,50.73515701,11.86503936,0.422019396,599.2866603,190.9622624,509.781919,262.1835379,163.0406187,192.1905219,126.621069,0.130584488,167.4632861,158.9458396,180.0745069,145.7562369,0.974818697,1.256074089,0.598180884,0.230596969,1.200350026,0.670785225,1.066966516,0.870587333,1.178474452,0.572155766,0.975444449,0.378624023,-1.016695774,6
"Stipagrostis_hirtiglumis","Stipagrostis_hirtigluma","Stipagrostis hirtigluma","Perennial","Open","Aristidoideae","C4",294.299,68024.92,7,46.06257143,1717.24,10.85666667,19.52533333,9.636595575,635.7323448,2.414378402,2.264201905,0.209206635,0.37020588,0.222386712,0.115962266,12020.68,0.176709947,20.47358735,11.35512261,0.620022605,0.008238253,29.59622463,10.57596016,19.02026478,20.73039722,20.09705321,23.2853775,17.1400098,439.6666632,21.2468672,0.588633908,0.918055981,222.6572197,16.0312971,133.6366621,33.92266451,188.8045438,220.398838,152.3808314,0.117880602,178.2418264,194.4153163,205.1652667,168.2309596,0.372096269,0.671306578,0.126990476,0.520524445,0.609629837,0.147272248,0.410494172,0.247153947,1.33937042,-0.715062748,-0.66183325,-0.495151089,-0.984714907,6
"Streptochaeta_spicata","Streptochaeta_spicata","Streptochaeta spicata","Perennial","Shade","Anomochlooideae","C3",428.048,143904.536,33,27.20233333,592.4297576,9.382727273,27.55018182,3.845351412,165.7845482,2.052740758,3.201443294,0.141361087,0.27983832,0.218778687,0.116204071,19550.182,0.135855217,24.26893773,9.166423012,0.720328568,0.00349258,30.78331006,17.86316948,12.92014069,24.7212309,23.77536429,25.54046624,22.88795893,1905.648129,68.52908009,9.148776011,0.530680154,789.6486124,161.3307187,453.057978,401.6507788,164.3731347,191.8932693,135.6828703,0.104204509,163.8646058,168.9963372,182.5093986,145.4706766,1.061564227,1.487280977,0.543272406,0.309274357,1.405550916,0.628028109,0.970375636,1.0368349,1.107563795,1.29223699,0.549952875,0.081605456,-0.233430122,11
"Streptogyna_americana","Streptogyna_americana","Streptogyna americana","Perennial","Shade","Oryzoideae","C3",490.034,188600.565,17,28.86052941,672.6099412,13.80945455,18.23145455,4.992594993,225.2760311,1.992726593,2.5201512,0.172990416,0.334928191,0.144301615,0.138230946,11434.369,0.060627438,25.23652615,9.825259184,0.754676323,0.002560187,31.89509574,18.80118205,13.09391367,25.17867781,25.02127501,26.14983319,24.2222827,2096.777793,77.0022122,9.052049075,0.557955389,885.5866034,158.864106,396.0885171,505.2598486,159.4260382,189.7163765,129.0927484,0.127556887,144.0210175,173.8045324,178.7630508,145.7469607,1.072685354,1.568947516,0.477536443,0.347860006,1.477633259,0.570648346,0.849701165,1.091272273,1.091544302,1.617913535,0.350890132,-0.1423273,0.290777387,11
"Triticum_turgidum","Triticum_aestivum","Triticum aestivum","Annual","Open","Pooideae","C3",196.187,30229.4,4,42.498,1459.22325,8.519555556,15.38822222,8.316141613,594.8172562,1.319714847,2.291778937,0.195683129,0.407625945,0.154904189,0.148930715,5836.893,0.193086631,13.37809345,12.22370296,0.44443865,0.019970967,28.64447983,-0.084396242,28.72887593,12.9950221,14.74802239,20.77866027,6.234512661,681.4574652,24.2333036,4.602627274,0.52102365,280.2010689,75.64780571,146.7574556,191.6320256,157.4589462,241.5886222,77.8898646,0.377991429,140.2093199,187.8340259,219.6646346,92.78647679,0.628076485,0.955025734,0.308301077,0.395186802,0.91306913,0.348934329,0.4125302,0.819879638,0.444353941,-0.124569572,0.10360188,-0.525533592,1.04955246,9
"Urochloa_reptans","Urochloa_reptans","Urochloa repens","Annual","Open","Panicoideae","C4",309.323,75147.553,7,38.43242857,1247.985286,7.814,14.33807143,7.406951259,456.7901508,0.881606575,0.983103443,0.192726599,0.366022065,0.112823979,0.068565947,8735.897,0.11624992,25.21953532,11.63108783,0.641137438,0.007876403,34.46110357,15.17751848,19.28358519,26.56628135,23.57155784,27.9910279,22.03159948,1169.312877,55.17547274,3.323217221,0.833422737,594.9346876,57.11641838,321.6905484,162.3301862,189.1873747,229.4660795,151.6885442,0.132420127,181.7950175,192.6019822,211.0738516,166.9840052,0.670460664,1.224441582,0.231063096,0.552668077,1.104035285,0.268359958,0.611659394,0.547888056,1.082423431,0.74379926,-0.576977665,0.207858784,0.054749041,14
"Zea_mays","Zea_mays","Zea mays","Annual","Open","Panicoideae","C4",510.474,204662.288,5,93.1708,6821.1168,12.66075,18.19205,2.263882219,335.6450233,2.099264204,2.300857014,0.024298194,0.049206755,0.165808835,0.126475961,34105.584,0.166643226,10.4747059,9.755178922,0.337286198,0.024011648,26.06643639,-3.256024075,29.32246042,11.42053876,9.7339892,19.01259715,1.610808327,870.5919107,25.13889893,10.7255126,0.269323018,292.3940393,153.630583,211.502243,209.3477894,141.3837107,241.6794487,50.18705178,0.473261324,138.8917272,144.7474905,221.0929625,64.95704631,0.832594807,1.099409988,0.526419463,0.254582302,1.063676922,0.576187841,0.613607849,1.00607658,0.121680292,-0.016213586,0.93728344,-0.311422915,1.121884957,20
